query;docId1;title1;docId2;title2;docId3;title3;docId4;title4;docId5;title5;docId6;title6;docId7;title7;;
"ação civil pública ""fornecimento de remédios""";862232682;RE 605533;;;;;;;;;;;;;;
"adional de 2,5 ""folha de salário"" ""instituições financeiras"" ""emenda constitucional n. 20 de 1998"" ""previsão anterior""";862213814;RE 599309;;;;;;;;;;;;;;
"ajuizamento ""ação coletiva"" ""nulidade de ato administrativo de aposentadoria"" ""lesão ao patrimônio público"" ""legitimidade ativa""";1105676204;RE 409356;;;;;;;;;;;;;;
"anulação de ato administrativo ""concessão de aposentadoria"" ""prazo decadencial"" ""termo inicial""";860689925;RE 636553;;;;;;;;;;;;;;
"anulação ""ato administrativo"" ""pensão"" ""Tribunal de Contas"" ""prazo"" ""termo inicial""";860689925;RE 636553;;;;;;;;;;;;;;
"ANVISA ""medicamentos não aprovados"" ""obrigatoriedade"" ""fornecimento pelo Estado""";311629411;RE 657718;;;;;;; ;;;;;;;
"aplicação de multa de trânsito ""pessoa jurídica de direito privado"" ""administração pública indireta"" ""delegação"" ""possibilidade""";1131242630;RE 633782;;;;;;;;;;;;;;
"aposentadoria especial ""continuidade da atividade"" ""vedação ao recebimento do benefício""";919851928;RE 791961;;;;;;;;;;;;;;
"aposentadoria ""ato administrativo"" ""anulação"" ""prazo"" ""termo inicial""";860689925;RE 636553;;;;;;;;;;;;;;
"aposentadoria ""regra de transição"" ""EC n. 20/98"" ""requisitos necessários"" ""tempo efetivo no cargo""";1131263828;RE 662423;;;;;;;;;;;;;;
"Art. 5 da CF ""Art. 366 do CPP"" "" ""Art. 109 do CP""";1170062282;RE 600851;1289712680;STF 497;1289710991;STJ 415;;;;;;;;;;
"art. 5, II da CF e ""art. 146, III, a da CF""";861892747;RE 1053574;;;;;;;;;;;;;;
"auxílio-alimentação ""servidores públicos"" ""carreiras distintas"" ""equiparação"" ""possibilidade""";1115807658;RE 710293;;;;;;;;;;;;;;
"cancelamento automático ""inscrição em órgão profissional"" ""inadimplemento da anuidade""  ""constitucionalidade""";862062434;RE 808424;;;;;;;;;;;;;;
"cancelamento de certame ""suspeita de fraude"" ""danos materiais"" ""responsabilidade civil do Estado""";919833707;RE 662405;;;;;;;;;;;;;;
"cancelamento de concurso público ""suspeita de fraude"" ""indenização de candidatos"" ""responsabilidade do Estado""";919833707;RE 662405;;;;;;;;;;;;;;
"carreira pública escalonada em classes ""promoção de cargo"" ""aposentadoria"" ""lapso temporal"" ""05 anos"" ""EC 20/98""";1131263828;RE 662423;;;;;;;;;;;;;;
"certidão positiva de débito com efeito de negativa ""câmara de vereadores inadimplente"" ""obrigações tributárias acessórias"" ""possibilidade""";768165943;ARE 791932;;;;;;;;;;;;;;
"cláusula de edital ""concurso público"" ""candidato"" ""ação penal""";919837487;RE 560900;;;;;;;;;;;;;;
"cobrança de IPI ""garrafas"" ""garrafões"" ""tampas plásticas"" ""possibilidade""";1242300655;RE 606314;;;;;;;;;;;;;;
"coexistência dos regimes ""apuração do PIS/Cofins"" ";1119123695;RE 607642;1289712842;STF 659;;;;;;;;;;;;
"compensação de créditos ""PIS/COFINS"" ""princípio da não-cumulatividade""";1100433248;RE 587108;;;;;;;;;;;;;;
"compensação tributária ""correção monetária"" ""período-base de 1990""";861892735;RE 545796;;;;;;;;;;;;;;
"compensação tributária ""correção monetária"" ""pessoas jurídicas"" ""ano-base 1990""";861892735;RE 545796;;;;;;;;;;;;;;
"competência constitucional ""perda do posto e da patente dos oficiais"" ";1107684631;RE 601146;;;;;;;;;;;;;;
"competência legislativa ""obrigatoriedade"" ""prestação de serviços de acondicionamentou ou embalagem de compras"" ""constitucionalidade"" ";862281479;RE 839950;;;;;;;;;;;;;;
"competência legistativa ""transporte irregular de passageiros"" ""penalidade de apreensão de veículos""";853422463;RE 661702;;;;;;;;;;;;;;
"competencia ""conflito de interesses"" ""contribuição previdenciária""";768158646;RE 594435;;;;;;;;;;;;;;
"competência ""contribuição previdenciária"" ""complementação de proventos e de pensões""";768158646;RE 594435;;;;;;;;;;;;;;
"competência ""controvérsia entre representante e representadas"" ""justiça comum""";945641846;RE 606003;;;;;;;;;;;;;;
"competência ""lei estadual"" ""proteção do consumidor"" ""postagem"" ""cobrança de empresas públicas ou privadas"" ""prestação de serviços no ente federativo""";1153843301;ARE 649379;;;;;;;;;;;;;;
"competência ""lei estadual"" ""proteção do consumidor"" ""postagem"" ""cobrança de empresas públicas ou privadas"" ""prestação de serviços""";1153843301;ARE 649379;;;;;;;;;;;;;;
"concessão de aposentadoria ""legalidade"" ""Tribunal de Contas"" ""prazo"" ";860689925;RE 636553;;;;;;;;;;;;;;
"concurso público ""crença religiosa"" ";1192153598;RE 611874;;;;;;;;;;;;;;
"concurso público ""crença religiosa"" ""violação ao direito de igualdade""";1192153598;RE 611874;;;;;;;;;;;;;;
"CONFINS ""instituições financeiras"" ""majoração de alíquota"" ""legalidade""";862213813;RE 656089;;;;;;;;;;;;;;
"conflito ""liberdade de expressão de agente político"" ""defesa da coisa pública"" ""honra de terceiro""";919835587;RE 685493;;;;;;;;;;;;;;
"conselho de classe ""inadimplemento"" ""anuidade"" ""sanção"" ""suspensão do exercício profissional"" ""constitucionalidade""";865368308;RE 647885;;;;;;;;;;;;;;
"constitucionalidade ""aglutinação"" ""cargos anteriores"" ""carreira única"" ""ausência de concurso público""";865626487;RE 642895;1289713001;SV 43;;;;;;;;;;;;
"constitucionalidade ""cobrança de proprietários não associados"" ""taxa de manutenção e conservação de loteamento imobiliário urbano""";1194722389;RE 695911;;;;;;;;;;;;;;
"constitucionalidade ""ISS"" ""contratos de franquia""";865442290;RE 603136;;;;;;;;;;;;;;
"constitucionalidade ""modificações da base de cálculo"" ""PIS"" ""receita bruta operacional"" ""conceito legal""";768159236;RE 578846;;;;;;;;;;;;;;
"constitucionalidade ""suspensão de habiliação"" ""motorista profissional"" ""livre exercício do trabalho""";860712652;RE 607107;;;;;;;;;;;;;;
"contrato de previdência complementar ""nulidade"" ""benefício inferior"" ""mulheres"" ""princípio da isonomia""";1101522997;RE 639138;;;;;;;;;;;;;;
"contribuição previdenciária ""aposentadoria do servidor público"" ""terço de férias"" ""adicional de insalubridade""";768165936;RE 593068;;;;;;;;;;;;;;
"contribuição previdenciária ""portadores de doenças incapacitantes""";1179426975;RE 630137;;;;;;;;;;;;;;
"contribuição social ""alíquota diferenciada"" ""anterior à EC 20/98"" ""constitucionalidade"" ""instituições financeiras""";862213814;RE 599309;;;;;;;;;;;;;;
"contribuição social ""majoração diferenciada"" ""faturamento ou receita"" ""institiuições financeiras"" ""constitucionalidade""";862213813;RE 656089;;;;;;;;;;;;;;
"contribuição ""INCRA"" ""constitucionalidade"" ""emenda constitucional 33/2001""";1206573208;RE 630898;;;;;;;;;;;;;;
"contribuição ""serviço de iluminação"" ""destinação de recursos"" ""expansão da rede de iluminação"" ";1100297265;RE 666404;;;;;;;;;;;;;;
"contribuições devidas ""sebrae"" ""apex"" ""abdi""";1152444069;RE 603624;;;;;;;;;;;;;;
"cota de tela ""sanções administrativas"" ""constitucionalidade"" ";1217066360;RE 627432;;;;;;;;;;;;;;
"Creditamento de IPI ""Zona Franca de Manaus""";768177304;RE 592891;;;;;;;;;;;;;;
"declarações públicas ""agente político"" ""interesse público"" ""honra de terceiro"" ""danos morais""";919835587;RE 685493;1289712571;STF 396;1289712897;STF 714;;;;;;;;;;
"demissão ""empregado pública"" ""reintegração"" ""competência"" ""justiça do trabalho"" ""justiça comum""";1115807658;RE 710293;;;;;;;;;;;;;;
"depósito recursal ""requisito de admissibilidade"" ""recurso extraordinário"" ""Justiça do Trabalho"" ";865478004;RE 607447;;;;;;;;;;;;;;
"diferença de tratamento ""empresas públicas e sociedades de economia mista"" ""empresas privadas"" ""pis/pasep""";862494461;RE 577494;;;;;;;;;;;;;;
"direito de compensação ""prejuízos fiscais IRPJ"" ""base de cálculo negativa CSLL""";861675370;RE 591340;;;;;;;;;;;;;;
"direitos dos servidores públicos efetivos ""extensão"" ""servidores e empregados temporários""";1105648729;RE 1066677;1289712179;STF 013;;;;;;;;;;;;
"direitos dos servidores públicos efetivos ""requisitos"" ""extensão"" ""contratação temporária""";1105648729;RE 1066677;;;;;;;;;;;;;;
"Direitos trabalhistas ""Empregados de empresa pública tomadora de serviços""";1210659157;RE 635546;;;;;;;;;;;;;;
"dispensa de concurso público ""aglutinação de cargos"" ""reestruturação de quadro funcional"" ""responsabilidades diferentes"" ""constitucionalidade""";865626487;RE 642895;;;;;;;;;;;;;;
"dosimetria ""maus antecedentes"" ""condenações anteriores"" ""há mais de cinco anos""";1129516212;RE 593818;;;;;;;;;;;;;;
"energia elétrica ""icms""";865368309;RE 593824;924418699;RE 748543;1289710963;STJ 391;;;;;;;;;;
"estabilidade provisória ""gestante"" ""desconhecimento da gravidez pelo empregador""";768165990;RE 629053;;;;;;;;;;;;;;
"Estados e Distrito Federal ""titularidade"" ""Imposto de Renda"" ""incidente na fonte""";1218981229;RE 607886;1289711027;STJ 447;;;;;;;;;;;;
"execução contra a fazenda pública ""precatórios"" ""conversão"" ""rpv""";768175163;RE 587982;;;;;;;;;;;;;;
"execução de contribuições previdenciárias ""competência"" ""Justiça do Trabalho"" ""sentenças anteriores à EC 20/98""";928283274;RE 595326;;;;;;;;;;;;;;
"execução extrajudicial de dívidas hipotecárias ""regime do Sistema Financeiro de Habitação""";1231415627;RE 627106;;;;;;;;;;;;;;
"execução extrajudicial ""dívida hipotecária""";1231415627;RE 627106;;;;;;;;;;;;;;
"execução ""contribuições previdenciárias"" ""sentenças proferidas em data anterior à EC n. 20/98"" ""competência""";928283274;RE 595326;;;;;;;;;;;;;;
"fabricação de embalagens para produtos exportados ""imunidade"" ""ICMS"" ""aplicação""";939942654;RE 754917;;;;;;;;;;;;;;
"fornecimento de medicamentos ""aprovação da ANVISA pendente"" ""possibilidade""";311629411;RE 657718;;;;;;;;;;;;;;
"gestante ""rescisão imotivada"" ""indenização devida"" ""gravidez desconhecida pelo empregador""";768165990;RE 629053;;;;;;;;;;;;;;
"hipótese de transferência ex officio de servidor ""matrícula em instituição pública""";862248643;RE 601580;;;;;;;;;;;;;;
"ICMS ""antecipação sem substituição tributária"" ""necessidade de lei"" ""princípio da legalidade""";1203240784;RE 598677;;;;;;;;;;;;;;
"ICMS ""cobrança antecipada"" ""diferença entre alíquota interna e interestadual"" ""decreto"" ""princípio da reserva legal""";1203240784;RE 598677;;;;;;;;;;;;;;
"ICMS ""estorno proporcional"" ""crédito presumido no estado de origem"" ""ausência de autorização do CONFAZ"" ";937229088;RE 628075;;;;;;;;;;;;;;
"ICMS ""imunidade"" ""exportação"" ""extensão"" ""cadeia de produção""";939942654;RE 754917;;;;;;;;;;;;;;
"ICMS ""Inaplicabilidade da anterioridade nonagesimal""";861955864;RE 603917;1100294617;RE 601967;;;;;;;;;;;;
"ICMS ""princípio da não cumulatividade"" ""estorno"" ""creditação"" ""benefício fiscal concedido unilateralmente"" ""CONFAZ""";937229088;RE 628075;;;;;;;;;;;;;;
"ICMS ""sujeito ativo"" ""mercadoria importada"" ""industrializada em outro estado"" ""causa da circulação""";865368312;ARE 665134;;;;;;;;;;;;;;
"iluminação pública ""custeio"" ""melhoramento"" ""expansão"" ""recursos""";1100297265;RE 666404;;;;;;;;;;;;;;
"IMPOSTO DE RENDA ""CONTRATOS DE SWAP PARA FINS DE HEDGE""";1234143637;RE 1224696;;;;;;;;;;;;;;
"imposto de renda ""resultados financeiros"" ""liquidação de contratos de swap para fins de hedge""";1234143637;RE 1224696;;;;;;;;;;;;;;
"imposto sobre produtos industrializados ""valores pré-fixados""";1107714925;RE 602917;;;;;;;;;;;;;;
"Imposto Sobre Serviços de Qualquer Natureza ""incidência"" ""contrato de franquia""";865442290;RE 603136;;;;;;;;;;;;;;
"imunidade relativa ao ICMS ""alcance"" ""todas as operações"" ""somente operação de exportação"" ";939942654;RE 754917;;;;;;;;;;;;;;
"imunidade tributária ""atividades desempenhadas"" ""sociedade de economia mista"" ""participação acionária em bolsa de valores""";936229921;RE 600867;;;;;;;;;;;;;;
"imunidade tributária ""empresas"" ""simples nacional""";1139984777;RE 598468;;;;;;;;;;;;;;
"imunidade tributária ""receitas da exportação"" ""simples""";1139984777;RE 598468;;;;;;;;;;;;;;
"imunidade ""entidades sindicais"" ""IOF""";1220240356;RE 611510;;;;;;;;;;;;;;
"imunidade ""imposto sobre operações financeiras"" ""IOF""";1220240356;RE 611510;;;;;;;;;;;;;;
"incidência do teto constitucional remuneratório e ""acumulação de proventos e pensão""";1129612723;RE 602584;;;;;;;;;;;;;;
"incidente ""arguição de inconstitucionalidade"" ""reserva de plenário"" ""necessidade"" ""terceirização""";768165943;ARE 791932;768163352;RE 958252;;;;;;;;;;;;
"Inconstitucionalidade ""IPTU"" ";862114350;RE 1171699;865637002;RE 666156;1289712787;STF 604;1289712722;STF 539;;;;;;;;
"inconstitucionalidade ""resolução"" ""Comitê Gestor do Programa de Recuperação Fiscal"" ""notificação prévia"" ""exclusão do Refis""";1129501342;RE 669196;;;;;;;;;;;;;;
"indenização ""não encaminhamento"" ""projeto de lei"" ""reajuste anual dos vencimentos de servidores públicos""";861790715;RE 565089;;;;;;;;;;;;;;
"indústrias rurais ""agroindústrias"" ""contribuição"" ""INCRA"" ""constitucionalidade""";1206573208;RE 630898;;;;;;;;;;;;;;
"inscrição ""siafi/cadin"" ""contraditório"" ""ampla defesa""";1107718194;RE 1067086;;;;;;;;;;;;;;
"inscrição ""siafi/cadin"" ""tomada de contas especial""";1107718194;RE 1067086;;;;;;;;;;;;;;
"IOF ""aplicações financeiras"" ""partidos políticos""";1220240356;RE 611510;;;;;;;;;;;;;;
"IPI ""alíquota zero"" ""acondicionamento de bens essenciais"" ""seletividade""";1242300655;RE 606314;;;;;;;;;;;;;;
"IPI ""base de cálculo"" ""valor da operação"" ""constitucionalidade""";1107714925;RE 602917;;;;;;;;;;;;;;
"IPI ""insumos"" ""zona franca de manaus""";768177304;RE 592891;;;;;;;;;;;;;;
"IPTU ""alíquotas diferenciadas"" ""imóveis edificados e não edificados"" ""imóveis residenciais e não residenciais"" ""constituicionalidade"" ";865637002;RE 666156;;;;;;;;;;;;;;
"IPVA ""imunidade tributária recíproca"" ""veículo"" ""aquisição por Município"" ";1105665220;RE 727851;;;;;;;;;;;;;;
"IPVA ""recolhimento"" ""estado diverso"" ""domicílio tributário"" ""constitucionalidade""";1153356697;RE 1016605;;;;;;;;;;;;;;
"ISS ""incidência"" "" atividade de exploração de jogos e apostas"" ""constitucionalidade"" ""base de cálculo""";1105651318;RE 634764;;;;;;;;;;;;;;
"Justiça comum ""conflito de interesses"" ""incidência de contribuição previdenciária"" ""complementação de proventos""";768158646;RE 594435;;;;;;;;;;;;;;
"legalidade ""ato administrativo"" ""Tribunal de Contas"" ""prazo decadencial""";860689925;RE 636553;;;;;;;;;;;;;;
"legitimidade ""cláusula de edital"" ""concurso público"" ""candidato"" ""responder a inquérito""";919837487;RE 560900;;;;;;;;;;;;;;
"legitimidade ""Ministério Público"" ""ação coletiva"" ""nulidade de ato administrativo"" ""lesão ao patrimônio público""";1105676204;RE 409356;1289710898;STJ 329;;;;;;;;;;;;
"lei local ""coibição de fraude"" ""transporte público coletivo"" ""pagamento de multa"" ""condição para liberação de veículo"" ""constitucionalidade""";853422463;RE 661702;;;;;;;;;;;;;;
"leiloeiro ""habilitação"" ""necessidade de fiança"" ""caução real"" ""possibilidade""";1112953068;RE 1263641;;;;;;;;;;;;;;
"leis municipais ""imposição"" ""obrigação de prestação de serviços"" ""acondicionamentou ou embalagem de compras"" ""supermercados"" ""constitucionalidade""";862281479;RE 839950;;;;;;;;;;;;;;
"limite ""suspensão do prazo prescricional"" ""citação por edital"" ""pena em abstrato""";1170062282;RE 600851;;;;;;;;;;;;;;
"loteamento imobiliário urbano ""cobrança"" ""taxas"" ""proprietários não associados""";1194722389;RE 695911;;;;;;;;;;;;;;
"magistrados aposentados ""recebimento de adicional de 20%"" ""subsídio remuneratório"" ""inconstitucionalidade""";939942652;RE 597396;;;;;;;;;;;;;;
"Mandado de segurança ""Autorização para realização de etapa de concurso público em horário diverso"" ""Crença religiosa""";1192153598;RE 611874;;;;;;;;;;;;;;
"militar inativo ""contribuição previdenciária""";1105639995;RE 596701;;;;;;;;;;;;;;
"modificação ""nível de escolaridade de cargo público"" ""aproveitamento de servidor"" ""equivalência salarial"" ""sem concurso público"" ""constitucionalidade""";1193310547;RE 740008;;;;;;;;;;;;;;
"modificações ""base de cálculo"" ""alíquota do PIS"" ""Fundo Social de Emergência"" ""constitucionalidade"" ";768159236;RE 578846;;;;;;;;;;;;;;
"natureza ""controle externo"" ""tribunais de contas estaduais"" ""atos administrativos"" ""municípios""";865397317;RE 576920;;;;;;;;;;;;;;
"obrigação de exibição de filmes nacionais ""cinemas"" ""constitucionalidade"" ""sanções administrativas""";1217066360;RE 627432;;;;;;;;;;;;;;
"operação interestadual ""fornecimento de energia elétrica"" ""cobrança de ICMS"" ""estado de origem"" ""possibilidade""";924418699;RE 748543;;;;;;;;;;;;;;
"participação em concurso público ""candidato que responde a processo criminal""";919837487;RE 560900;;;;;;;;;;;;;;
"penalidade ""suspensão da habilitação"" ""motorista profissional"" ""homicídio culposo no trânsito"" ""constitucionalidade""";860712652;RE 607107;;;;;;;;;;;;;;
"Pensão por morte ""ex-servidor público"" ""requisitos diferentes"" ""homens e mulheres"" ""princípio da isonomia"" ""inconstitucionalidade""";1132137888;RE 659424;;;;;;;;;;;;;;
"pensão por morte ""ex-servidores públicos"" ""rio grande do sul"" ""requisitos"" ""cônjuge do sexo masculino""";1132137888;RE 659424;;;;;;;;;;;;;;
"pensão por morte ""requisitos"" ""cônjuge de ex-servidor público"" ""homem"" ""mulher"" ""isonomia""";1132137888;RE 659424;;;;;;;;;;;;;;
"pessoa jurídica de direito privado ""poder de polícia"" ""delegação por lei"" ""constitucionalidade""";1131242630;RE 633782;;;;;;;;;;;;;;
"pessoas juridicas ""domicílio no exterior"" ""vedação"" ""creditamento de PIS"" ""constitucionalidade""";919834721;RE 698531;;;;;;;;;;;;;;
"PIS ""base de cálculo"" ""exclusão valores"" ""pessoas jurídicas"" ""domiciliadas"" ""exterior"" ""constitucionalidade""";919834721;RE 698531;;;;;;;;;;;;;;
"PIS/COFINS ""Sistema FUNDAP/ES"" ";865387342;RE 635443;;;;;;;;;;;;;;
"PIS/PASEP ""cumulatividade das contribuições incidentes sobre o faturamento""";1119123695;RE 607642;;;;;;;;;;;;;;
"pis/pasep ""seletividade no financiamento"" ""seguridade social""";862494461;RE 577494;;;;;;;;;;;;;;
"plano de previdência complementar ""mulheres"" benefício inferior"" ""nulidade""";1101522997;RE 639138;;;;;;;;;;;;;;
"planos de saúde ""lei nova"" ""contrato antigo"" ";1126752361;RE 948634;;;;;;;;;;;;;;
"prazo prescricional ""citação por edital"" ""suspensão do processo"" ""limite"" ""pena máxima em abstrato""";1170062282;RE 600851;;;;;;;;;;;;;;
"prazo ""oposição de embargos à execução"" ""Fazenda Pública""";862030026;RE 590871;1289712452;STF 277;;;;;;;;;;;;
"Precatório ""STF""";865478009;RE 631537;768175163;RE 587982;922891039;RE 612707;1289712452;STF 277;1289712974;SV 17;;;;;;
"prefeitos ""improbidade administrativa"" ""crime de responsabilidade"" ""julgamento e processamento"" ""independentes""";768217700;RE 976566;1289712886;STF 703;1289710774;STJ 209;;;;;;;;;;
"prefeitos ""julgamento e processamento"" ""improbidade administrativa"" ""crime de responsabilidade""";768217700;RE 976566;1289710664;STJ 104;1289710773;STJ 208;;;;;;;;;;
"previdência complementar ""benefício inferior para mulheres"" ""tempo de contribuição"" ""legalidade""";1101522997;RE 639138;;;;;;;;;;;;;;
"previdência complementar ""princípio da isonomia"" ""mulheres"" ""benefício inferior""";1101522997;RE 639138;;;;;;;;;;;;;;
"princípio da não cumulatividade ""ICMS"" ""princípio da anterioridade nonagesimal"" ""tributos""";1100294617;RE 601967;;;;;;;;;;;;;;
"processo suspenso ""citação"" ""edital"" ""prazo prescricional"" ""limite"" ""pena""";1170062282;RE 600851;;;;;;;;;;;;;;
"procuradores municipais ""remuneração"" ""teto"" ";768173459;RE 663696;;;;;;;;;;;;;;
"procuradores municipais ""teto remuneratório"" ""Ministros do Supremo Tribunal Federal""";768173459;RE 663696;;;;;;;;;;;;;;
"produtor rural ""segura especial"" ""economia familiar"" ""sem empregados permantentes"" ""contribuição"" ""constitucionalidade""";1105639996;RE 761263;;;;;;;;;;;;;;
"produtor rural ""seguridade social"" ""economia familiar"" ""contribuição"" ""receita bruta proveniente da comercialiaçao de produção""";1105639996;RE 761263;;;;;;;;;;;;;;
"profissão de leiloeiro ""exigência de garantia"" ""consitucionalidade"" ";1112953068;RE 1263641;;;;;;;;;;;;;;
"profissão ""leiloeiro"" ""necessidade de caução"" ""dinheiro ou apólice"" ""caução real"" ""vedação""";1112953068;RE 1263641;;;;;;;;;;;;;;
"promulgação parcial de lei ""parte vetada"" ""derrubada pelo Poder Legislativo"" ""após publicação de parte incontroversa"" ""constitucionalidade""";1131263828;RE 662423;;;;;;;;;;;;;;
"quebra ordem cronológica"" ""pagamento de precatórios alimentares"" ""sequestro de recursos públicos"" ""possibilidade""";922891039;RE 612707;;;;;;;;;;;;;;
"recebimento de salário-família ""direito adquirido"" ""servidor público"" ""EC n. 20/1998""";919853641;RE 657989;;;;;;;;;;;;;;
"reconhecimento dos maus antecedentes ""prazo quinquenal"" ""prescrição da reincidência""";1129516212;RE 593818;;;;;;;;;;;;;;
"Refis ""exclusão do contribuinte"" ""necessidade de notificação""";1129501342;RE 669196;;;;;;;;;;;;;;
"relação jurídica ""representantação comercial"" ""relação de emprego"" ""inexistência"" ""competência""";945641846;RE 606003;;;;;;;;;;;;;;
"remuneração ""proventos"" ""pensão""";1129612723;RE 602584;768158646;RE 594435;1105639995;RE 596701;1115807658;RE 710293;;;;;;;;
"reserva de lei complementar ""repasse"" ""PIS e CONFINS"" ""faturas telefônicas""";861892747;RE 1053574;;;;;;;;;;;;;;
"reserva de norma constitucional ""direito à compensação de créditos do ICMS""";1100294617;RE 601967;;;;;;;;;;;;;;
"Responsabildiade civil do Estado ""Fogos de artifício"" ""Violção de um dever jurídico específico de agir""";919850145;RE 136861;;;;;;;;;;;;;;
"responsabilidade civil do Estado ""danos decorrentes de crime praticado por preso foragido""";937121506;RE 608880;;;;;;;;;;;;;;
"ressarcimento sus ""operadoras de planos de saúde"" ""constitucionalidade""";768110451;RE 597064;;;;;;;;;;;;;;
"Restituição de valores ""PIS e COFINS"" ""regime de substituição tributária""";1108020506;RE 596832;;;;;;;;;;;;;;
"revisão geral anual ""remuneração dos servidores públicos"" ""fixação de índice de correção"" ""competência"" ""poder judiciário""";1115796198;RE 843112;;;;;;;;;;;;;;
"revisão geral anual ""remuneração"" ""servidores públicos"" ""intervenção"" ""poder judiciário"" ""Possibilidade""";1115796198;RE 843112;;;;;;;;;;;;;;
"salário-família ""direito adquirido"" ""relações jurídicas existentes antes da EC n.20/98""";919853641;RE 657989;;;;;;;;;;;;;;
"salário-maternidade ""base de cálculo"" ""contribuição previdenciária""";1107714916;RE 576967;;;;;;;;;;;;;;
"seletividade do IPTU ""leis municipais anteriores à EC nº 29/2000"" ""constitucionalidade""";865637002;RE 666156;1289712851;STF 668;;;;;;;;;;;;
"serviços de comunicação ""inadimplência absoluta"" ""compensação de ICMS"" ""possibilidade""";1220081534;RE 1003758;;;;;;;;;;;;;;
"servidor público de fundações ""regime jurídico"" ""estabilidade excepcional"" ""aplicabilidade""";1105646168;RE 716378;;;;;;;;;;;;;;
"servidor público ""estabilidade expecional"" ""transição do regime constitucional"" ""fundações"" ""aplicação""";1105646168;RE 716378;;;;;;;;;;;;;;
"sociedade de economia mista ""bolsa de valores"" ""remuneração do capital de acionistas"" ""imunidade tributária"" ""possibilidade""";936229921;RE 600867;;;;;;;;;;;;;;
"STF ""desconstituição de título executivo judicial""";768161704;RE 611503;;;;;;;;;;;;;;
"STF ""ICMS"" ""Inaplicabilidade da anterioridade nonagesimal""";861955864;RE 603917;1100294617;RE 601967;;;;;;;;;;;;
"STF ""importação por encomenda"" ";865387342;RE 635443;1125525031;RE 946648;1231349114;RE 979962;;;;;;;;;;
"STF ""Inconstitucionalidade"" ""IPTU"" ";862114350;RE 1171699;865637002;RE 666156;1289712772;STF 589;1289712851;STF 668;;;;;;;;
"STF ""titularidade"" ""imposto de renda""";1218981229;RE 607886;;;;;;;;;;;;;;
"sujeito ativo da obrigação tributária ""ICMS"" ""mercadoria importada"" ""destinatário legal da operação""";865368312;ARE 665134;;;;;;;;;;;;;;
"terceirização de serviços ""atividade-fim"" ""licitude"" ";768163352;RE 958252;768165943;ARE 791932;;;;;;;;;;;;
"teto constitucional ""pensão"" ""remuneração ou provento"" ""acumulação"" ""alcance""";1129612723;RE 602584;;;;;;;;;;;;;;
"titularidade ""imposto de renda""";1218981229;RE 607886;1289710827;STJ 262;1289711201;STJ 598;;;;;;;;;;
"titularidade ""Imposto de Renda"" ""complementação de aposentadoria paga por autarquia estadual""";1218981229;RE 607886;;;;;;;;;;;;;;
"trabalhador portuário avulso ""adicional de risco""";1109372083;RE 597124;;;;;;;;;;;;;;
"tribunal de contas do estado ""competência técnica"" ""poder legislativo""";865397317;RE 576920;;;;;;;;;;;;;;
"união estável ""preexistente"" ""novo vínculo"" ""impossibilidade"" ""rateio"" ""pensão por morte""";1191563664;RE 1045273;;;;;;;;;;;;;;
"união estável ""relação homoafetiva"" ""concomitantes"" ""reconhecimento jurídico"" ""impossibilidade""";1191563664;RE 1045273;;;;;;;;;;;;;;
5º, LV, da CF e art. 1 da Resolução CG/REFIS/20/2001;1129501342;RE 669196;;;;;;;;;;;;;;
Abusividade de cláusulas em contratos bancários;656186430;REsp 1578553 SP;;;;;;;;;;;;;;
ação anulação de multa DNIT;565539254;REsp 1588969 RS;565539253;REsp 1613733 RS;;;;;;;;;;;;
ação civil pública;1231349116;RE 1101937;1105676204;RE 409356;862232682;RE 605533;773748871;RE 643978;1289712851;STF 668;1289711078;STJ 489;;;;
ação civil pública. capacidade processual. consumidores;1213618997;REsp 1438263 SP;1213618993;REsp 1362022 SP;N/A;REsp 1361872 SP;;;;;;;;;;
ação civil pública. consumidores;1213618997;REsp 1438263 SP;1231349116;RE 1101937;1213618993;REsp 1362022 SP;N/A;REsp 1361872 SP;;;;;;;;
ação civil pública. fornecimento de remédios;862232682;RE 605533;;;;;;;;;;;;;;
ação consignatória. depósito insuficiente;641240998;REsp 1108058 DF;;;;;;;;;;;;;;
ação contra empregador. previdência privada;613779818;REsp 1312736 RS;1289710855;STJ 290;;;;;;;;;;;;
ação de complementação de aposentadoria paga pela Administração Pública. competência;868167399;RE 1265549;;;;;;;;;;;;;;
ação de concessão de benefício complementar;607426701;REsp 1370191 RJ;613779818;REsp 1312736/RS;706915852;REsp 1435837/RS;;;;;;;;;;
ação de consignação em pagamento;641240998;REsp 1108058 DF;;;;;;;;;;;;;;
ação de consignação. pagamento parcial da dívida;641240998;REsp 1108058 DF;;;;;;;;;;;;;;
ação de desapropriação;1206232425;Pet 12344 DF;1205802192;REsp 1750660/SC;1289712332;STF 164;1289710694;STJ 131;1344677895;REsp 1750624/SC;;;;;;
ação de desapropriação indireta;1205802192;REsp 1750660 SC;1289710681;STJ 119;1344677895;REsp 1750624/SC;;;;;;;;;;
ação de exibição de documentos com multa;1240175084;REsp 1763462 MG;1240176405;REsp 1777553 SP;;;;;;;;;;;;
ação de indenização por danos morais violência doméstica;554473137;REsp 1643051 MS;554473136;REsp 1675874 MS;;;;;;;;;;;;
ação de manutenção de plano de saúde coletivo;617597643;REsp 1680318 SP;617597648;REsp 1708104 SP;;;;;;;;;;;;
ação de nulidade de registro de marca;549586983;REsp 1527232 SP;;;;;;;;;;;;;;
ação de nulidade de registro de marca. competência;549586983;REsp 1527232 SP;;;;;;;;;;;;;;
ação de nulidade de registro de marca. INPI;549586983;REsp 1527232 SP;;;;;;;;;;;;;;
ação de nulidade de registro de marca. tutela provisória;549586983;REsp 1527232 SP;;;;;;;;;;;;;;
Ação de reparação danos serviços público;861748237;RE 1027633;;;;;;;;;;;;;;
ação de repetição de indébito. mútuo;686349226;REsp 1552434 GO;;;;;;;;;;;;;;
ação de revisãde benefício complementar;607426701;REsp 1370191 RJ;613779818;REsp 1312736/RS;706915852;REsp 1435837/RS;;;;;;;;;;
ação de SUSPENSÃO DO DESCONTO DA CONTRIBUIÇÃO PREVIDENCIÁRIA DE SERVIDOR PÚBLICO estadual APOSENTADO;768158646;RE 594435;;;;;;;;;;;;;;
ação fornecimento de medicamento;574252474;REsp 1657156 RJ;574486596;REsp 1682836/SP;653230965;REsp 1712163/SP;311629411;RE 657718;574250701;REsp 1681690/SP;653236648;REsp 1726563/SP;;;;
ação previdência privada;607426701;REsp 1370191 RJ;706915852;REsp 1435837/RS;613779818;REsp 1312736/RS;;;;;;;;;;
ação revisional de aposentadoria de segurado falecido;1238147976;REsp 1856967 ES;1238147979;REsp 1856969 RJ;1238147973;REsp 1856968 ES;;;;;;;;;;
ação revisional de pensão por morte;1238147976;REsp 1856967 ES;1238147979;REsp 1856969 RJ;1238147973;REsp 1856968 ES;;;;;;;;;;
ação sobre trade dress (conjunto-imagem) dos produtos concorrência desleal ;549586983;REsp 1527232 SP;;;;;;;;;;;;;;
ação sobre trade dress (conjunto-imagem) dos produtos. concorrência desleal. competência;549586983;REsp 1527232 SP;;;;;;;;;;;;;;
Acidente de trabalho atividade de risco;1105639994;RE 828040;1289710920;STJ 351;;;;;;;;;;;;
acidente de trânsito fuga;919834716;RE 971959;;;;;;;;;;;;;;
ações telebrás;607427779;REsp 1651814 SP ;607427775;REsp 1633801 SP;;;;;;;;;;;;
ações telefônicas;607427779;REsp 1651814 SP;607427775;REsp 1633801 SP;;;;;;;;;;;;
ACP associação substituta processual de consumidores;1213618997;REsp 1438263 SP;1213618993;REsp 1362022 SP;N/A;REsp 1361872 SP;;;;;;;;;;
ACP direito do consumidor;1213618997;REsp 1438263 SP;1231349116;RE 1101937;1213618993;REsp 1362022 SP;N/A;REsp 1361872 SP;;;;;;;;
ACP proposta por associação;1213618997;REsp 1438263 SP;1213618993;REsp 1362022 SP;N/A;REsp 1361872 SP;;;;;;;;;;
acumular cargos públicos;861429673;ARE 1246685;;;;;;;;;;;;;;
adequação da renda mensal do benefício aos tetos das ECs 20/1998 e 41/2003;1240171042;REsp 1761874 SC;1240170736;REsp 1751667 RS;1240171043;REsp 1766553 SC;;;;;;;;;;
adequação da renda mensal do benefício. ação individual. prescrição;1240171042;REsp 1761874 SC;1240170736;REsp 1751667 RS;1240171043;REsp 1766553 SC;;;;;;;;;;
adequação do benefício previdenciário. prescrição ;1240171042;REsp 1761874 SC;1240170736;REsp 1751667 RS;1240171043;REsp 1766553 SC;;;;;;;;;;
adicional de risco portuário;1109372083;RE 597124;;;;;;;;;;;;;;
agravo de instrumento por urgência decorrente da inutilidade do julgamento da questão no recurso de apelação;661785892;REsp 1696396 MT;661785891;REsp 1704520 MT;;;;;;;;;;;;
agravo de instrumento. cabimento;661785892;REsp 1696396 MT;1206279597;REsp 1717213/MT;1289710645;STJ 086;1289710680;STJ 118;661785891;REsp 1704520 MT;1206279599;REsp 1707066/MT;;;;
agravo de instrumento. hipótese;661785892;REsp 1696396 MT;1206279597;REsp 1717213/MT;661785891;REsp 1704520 MT;1206279599;REsp 1707066/MT;;;;;;;;
agravo de instrumento. urgência;661785892;REsp 1696396 MT;661785891;REsp 1704520 MT;;;;;;;;;;;;
Ajuizamento de dissídio coletivo de natureza econômica;944868118;RE 1002295;;;;;;;;;;;;;;
alegação de nulidade. art. 40 LEF. Fazenda Pública. requisitos;638023415;REsp 1340553 RS;;;;;;;;;;;;;;
Alíquota zero de IPI e bens essenciais e seletividade;1242300655;RE 606314;;;;;;;;;;;;;;
Alteração da data-base para a concessão de benefícios após a unificação das penas;684033465;REsp 1753512 PR;684033468;REsp 1753509 PR;;;;;;;;;;;;
Alteração de horário de concurso público. Crença religiosa. Direito de igualdade;1192153598;RE 611874;;;;;;;;;;;;;;
alterar nome de logradouro público;862017180;RE 1151237;;;;;;;;;;;;;;
Anulação de exame psicotécnico;861474838;RE 1133146;;;;;;;;;;;;;;
Aplicação de lei nova sobre plano de saúde aos contratos anteriormente firmados;1126752361;RE 948634;;;;;;;;;;;;;;
aplicação de multas DNIT;565539254;REsp 1588969 RS;565539253;REsp 1613733 RS;;;;;;;;;;;;
Aplicação do art. 1º-F da Lei 9.494/97 para juros de mora nas condenações judiciais da Fazenda Pública;551749190;REsp 1495146 MG;558036196;REsp 1492221 PR;558036198;REsp 1495144 RS ;;;;;;;;;;
aplicação do requisito temporal de 05 anos da EC n. 20/98 aos servidores de carreira pública escalonada em classes;1131263828;RE 662423;;;;;;;;;;;;;;
aposentado que continua trabalhando precisa pagar INSS;861476170;ARE 1224327;;;;;;;;;;;;;;
aposentadoria especial. auxílio-doença;859276200;REsp 1759098 RS;859276197;REsp 1723181 RS;;;;;;;;;;;;
aposentadoria especial. tempo de serviço;859276200;REsp 1759098 RS;859276197;REsp 1723181 RS;;;;;;;;;;;;
Aposentadoria híbrida por idade. Tempo de serviço rural;859485767;REsp 1674221 SP;859485760;REsp 1788404 PR;;;;;;;;;;;;
Aposentadoria mista por idade. carência ;859485767;REsp 1674221 SP;859485760;REsp 1788404 PR;;;;;;;;;;;;
Aposentadoria mista por idade. Tempo de serviço rural;859485767;REsp 1674221 SP;859485760;REsp 1788404 PR;;;;;;;;;;;;
Aposentadoria por idade. Tempo de serviço rural. carência;859485767;REsp 1674221 SP;859485760;REsp 1788404 PR;;;;;;;;;;;;
aposentadoria servidor com tempo de serviço rural;574486597;REsp 1682678 SP;576979827;REsp 1682671 SP;574250705;REsp 1682672 SP;574252476;REsp 1682682 SP ;574250702;REsp 1676865 RS ;859485767;REsp 1674221/SP;859485760;REsp 1788404/PR;1289710837;STJ 272
Aposentadoria tempo de serviço especial conversão;932679024;RE 1014286;868167400;RE 1221630;;;;;;;;;;;;
Aposentadoria. Incluir tempo de serviço rural;574486597;REsp 1682678 SP;576979827;REsp 1682671 SP;574250705;REsp 1682672 SP;574252476;REsp 1682682 SP ;574250702;REsp 1676865 RS ;859485767;REsp 1674221/SP;859485760;REsp 1788404/PR;1289710837;STJ 272
aposentadoria. INSS. Data de Entrada do Requerimento (DER);860023359;REsp 1727063 SP;860023352;REsp 1727064 SP;860023353;REsp 1727069 SP ;;;;;;;;;;
aproveitamento de servidor e exigência de nível de escolaridade superior e concurso público e constitucionalidade;1193310547;RE 740008;865626487;RE 642895;;;;;;;;;;;;
Aproveitamento de tempo ficto aposentadoria de ex-combatente;1104617198;RE 683621;;;;;;;;;;;;;;
apuração de falta grave execução penal;861474094;RE 972598;1289711120;STJ 526;;;;;;;;;;;;
ARE 1267879;1190972206;ARE 1267879;;;;;;;;;;;;;;
área de usucapião extraordinária;1205693370;REsp 1667842 SC;1205693369;REsp 1667843 SC;;;;;;;;;;;;
área urbana APP curso d'água tamanho;1205151429;REsp 1770967 SC ;1205151436;REsp 1770808 SC;1205151429;REsp 1770967 SC ;;;;;;;;;;
Art 195, I da Constituição Federal contribuição social terço de férias;1100450514;RE 1072485;;;;;;;;;;;;;;
Art 5º, XXXVI e 60, § 4º, da Constituição federal e Lei municipal 907/1984 ;1129501342;RE 669196;;;;;;;;;;;;;;
art 81 da Lei Complementar nº 35/1979;939963979;RE 1037926;;;;;;;;;;;;;;
art 81 da Lei Complementar nº 35/1979 promoção por antiguidade;939963979;RE 1037926;;;;;;;;;;;;;;
art. 114, I, da CF;1105639031;RE 960429;;;;;;;;;;;;;;
art. 114, I, da CF fase pré-contratual;1105639031;RE 960429;;;;;;;;;;;;;;
Art. 114, III da constituição federal;1163754810;RE 1089282;;;;;;;;;;;;;;
Art. 114, III da constituição federal competência contribuilção sindical servidor estatutário;1163754810;RE 1089282;;;;;;;;;;;;;;
Art. 129, III da CF;1105676204;RE 409356;;;;;;;;;;;;;;
Art. 129, III da Constituição Federal;773748871;RE 643978;;;;;;;;;;;;;;
Art. 129, inciso VI, da CF compartilhamento de dados receita federal;939932584;RE 1055941;;;;;;;;;;;;;;
Art. 129, inciso VI, da CF relatório fiscal;939932584;RE 1055941;;;;;;;;;;;;;;
art. 149, § 2º, I, da Constituição federal;1129501342;RE 669196;;;;;;;;;;;;;;
art. 149, § 2º, III, a e art. 195, I, da CF;1206573208;RE 630898;;;;;;;;;;;;;;
Art. 149, da Constituição Federal;1100294621;RE 878313;;;;;;;;;;;;;;
Art. 15, III, da Constituição Federal;768192392;RE 601182;;;;;;;;;;;;;;
art. 150, § 7º e art. 155, § 2º, VII e VIII da CF;1203240784;RE 598677;;;;;;;;;;;;;;
Art. 150, I da CF e art. 72 do ADCT e § 1º do art. 22 da Lei 8.212/1991;768159236;RE 578846;;;;;;;;;;;;;;
art. 150, VI, a, da Constituição federal ;1105665220;RE 727851;768166437;RE 928902;1207766415;RE 1320054;;;;;;;;;;
art. 155, § 2º, X, a da CF;939942654;RE 754917;;;;;;;;;;;;;;
art. 155, § 2º, X, b, da CF;924418699;RE 748543;;;;;;;;;;;;;;
Art. 157, I, da CF;1218981229;RE 607886;;;;;;;;;;;;;;
art. 16 da Lei 7.347/1985;1231349116;RE 1101937;;;;;;;;;;;;;;
Art. 169, § 1º, da CF;862114345;RE 905357;;;;;;;;;;;;;;
Art. 169, § 1º, da CF dotação orçamentária;862114345;RE 905357;;;;;;;;;;;;;;
Art. 18, § 4º, da CF/88;862114350;RE 1171699;;;;;;;;;;;;;;
art. 185 do CTN. fraude contra a Fazenda Pública. redirecionamento da Execução Fiscal ;860023695;REsp 1201993 SP;1289711014;STJ 435;;;;;;;;;;;;
Art. 19 do ADCT;1105646168;RE 716378;;;;;;;;;;;;;;
art. 196 da CF e medicamentos não aprovados pela ANVISA;311629411;RE 657718;;;;;;;;;;;;;;
Art. 1º da Lei Complementar 110/2001 FGTS;1100294621;RE 878313;;;;;;;;;;;;;;
Art. 1º Lei 4.297/63;1104617198;RE 683621;;;;;;;;;;;;;;
Art. 1º, I, d, da LC nº 64/90;768143098;RE 929670;;;;;;;;;;;;;;
"art. 1º; dos incisos IV, V, IX e X do art. 5º; do caput e do § 6º do art. 37; do art. 87; e do art. 220 a CF";919835587;RE 685493;;;;;;;;;;;;;;
Art. 201, § 4º da CF ;865626482;RE 968414;;;;;;;;;;;;;;
Art. 201, § 4º da CF valor nominal do salário mínimo;865626482;RE 968414;;;;;;;;;;;;;;
Art. 202, I e art. 5, I da CF;1101522997;RE 639138;;;;;;;;;;;;;;
art. 225, 3º da CF prescrição dano ambiental;1105639037;RE 654833;1289711053;STJ 467;;;;;;;;;;;;
art. 23 e 27 da Instrução CVM 308/1999;942884668;RE 902261;;;;;;;;;;;;;;
art. 23 e 27 da Instrução CVM 308/1999  Auditor independente;942884668;RE 902261;;;;;;;;;;;;;;
Art. 27, § 2 da lei 10865/04;1184685733;RE 1043313;;;;;;;;;;;;;;
art. 27, § 2 da lei 10865/04 pis cofins;1184685733;RE 1043313;;;;;;;;;;;;;;
Art. 273, § 1º-B, do CP;1231349114;RE 979962;;;;;;;;;;;;;;
Art. 273, § 1º-B, do CP medicamento sem registro;1231349114;RE 979962;;;;;;;;;;;;;;
art. 29 da Lei nº 8.213/91 - fator previdenciário;868167400;RE 1221630;;;;;;;;;;;;;;
Art. 29, III da Constituição Federal;773748871;RE 643978;;;;;;;;;;;;;;
art. 2º, § 4º, da Lei federal n. 11.738/08 carga horária;1105676205;RE 936790;;;;;;;;;;;;;;
art. 2º, § 6º, VIII, Decreto n. 3.179/99;876548826;REsp 1133965 BA;;;;;;;;;;;;;;
art. 2º, § 6º, VIII, Decreto n. 3.179/99. liberação de veículo. requisitos;876548826;REsp 1133965 BA;;;;;;;;;;;;;;
art. 3, §2o da Lei 7.787/89 e artigos 5, caput e I, 145, §1o, 150, II, 194, V, 195, I e §5o da CF;862213814;RE 599309;;;;;;;;;;;;;;
art. 30, I e II, da Constituição Federal;862281479;RE 839950;;;;;;;;;;;;;;
art. 305 do Código de Trânsito Brasileiro;919834716;RE 971959;;;;;;;;;;;;;;
art. 305 do Código de Trânsito fuga de local de acidente;919834716;RE 971959;;;;;;;;;;;;;;
Art. 366 do CPP e art. 109 do CP;1170062282;RE 600851;;;;;;;;;;;;;;
art. 37, § 5º, da Constituição Federal ressarcimento ao erário improbidade;768161402;RE 852475;;;;;;;;;;;;;;
art. 37, § 6º, da CF;861748237;RE 1027633;;;;;;;;;;;;;;
art. 37, § 6º, da CF agente público;861748237;RE 1027633;;;;;;;;;;;;;;
art. 37, IX da CF;1105648729;RE 1066677;;;;;;;;;;;;;;
art. 37, V, da Constituição atribuições;861474833;RE 1041210;;;;;;;;;;;;;;
art. 37, V, da Constituição número de cargos;861474833;RE 1041210;;;;;;;;;;;;;;
art. 37, X, da Constituição Federal CF - vantagem pecuniária individual VPI;861476172;ARE 1208032;;;;;;;;;;;;;;
art. 37, XVI e XVII, da Constituição Federal;861429673;ARE 1246685;;;;;;;;;;;;;;
art. 37, XVI, da Constituição Federal;861429673;ARE 1246685;;;;;;;;;;;;;;
art. 3º da Emenda Constitucional nº 47/05;861429674;RE 1225330;;;;;;;;;;;;;;
art. 40, §§ 1º e 2º da Lei n. 6.830/80 - LEF;638023415;REsp 1340553 RS;;;;;;;;;;;;;;
art. 40, iii do § 4o da CF conversão de tempo de serviço;932679024;RE 1014286;;;;;;;;;;;;;;
art. 40, iii do § 4o da CF tempo de serviço;932679024;RE 1014286;;;;;;;;;;;;;;
art. 493 do CPC/2015 - Data de Entrada do Requerimento (DER);860023359;REsp 1727063 SP;860023352;REsp 1727064 SP;860023353;REsp 1727069 SP ;;;;;;;;;;
art. 5, caput e do inciso XXXVI, art. 7, XII e XXXIII e art. 60, caput da CF ;919853641;RE 657989;;;;;;;;;;;;;;
art. 5, II c/c art. 146, a da constituição;861892747;RE 1053574;;;;;;;;;;;;;;
Art. 53 da ADCT aposentadoria de ex-combatente;1104617198;RE 683621;;;;;;;;;;;;;;
Art. 54 da Lei 9.784/199 ;860689925;RE 636553;;;;;;;;;;;;;;
Art. 54 da Lei nº 9.784/99;919831613;RE 817338;;;;;;;;;;;;;;
Art. 54 da Lei nº 9.784/99 anulação de ato administrativo após 5 anos;919831613;RE 817338;;;;;;;;;;;;;;
art. 5º da Lei 9.527/97;865397664;RE 594481;;;;;;;;;;;;;;
Art. 5º, VIII, da Constituição Federal;1192153598;RE 611874;;;;;;;;;;;;;;
Art. 5º, XVI, da Constituição Federal;1182593583;RE 806339;;;;;;;;;;;;;;
Art. 5º, XVI, da Constituição Federal aviso prévio reunião;1182593583;RE 806339;;;;;;;;;;;;;;
art. 5º, XXXVI e XL da CF e art. 22, XIV, da LC nº 64/90;768143098;RE 929670;;;;;;;;;;;;;;
Art. 6 e 8 do Decreto 21.981/1932 e art. 5, XIII da CF;1112953068;RE 1263641;;;;;;;;;;;;;;
Art. 73 da Lei 9.430/1996;939905984;RE 917285;;;;;;;;;;;;;;
Art. 73 da Lei 9.430/1996 compensação de débito tributário parcelado;939905984;RE 917285;;;;;;;;;;;;;;
Art. 7º, II, da Lei 10.426/2002;1133136926;RE 606010;;;;;;;;;;;;;;
Art. 927, parágrafo único do CC acidente de trabalho;1105639994;RE 828040;;;;;;;;;;;;;;
art. 93, IX e art. 37, II e V, da CF;1129501342;RE 669196;;;;;;;;;;;;;;
Art. 96 ADCT;862114350;RE 1171699;;;;;;;;;;;;;;
Artigo 109, I, da Constituição;1207059927;RE 678162;;;;;;;;;;;;;;
Artigo 109, I, da Constituição competência interesse da união;1207059927;RE 678162;;;;;;;;;;;;;;
Artigo 13 da Lei Complementar 110/2001;1100294621;RE 878313;;;;;;;;;;;;;;
artigo 42 da Lei 9.430/1996 IR sobre depósito bancário;1207054471;RE 855649;;;;;;;;;;;;;;
artigo 5, I c/c art. 202 da CF;1101522997;RE 639138;;;;;;;;;;;;;;
artigos 102 e 155, § 2º, I da CF e estorno proporcional de crédito de ICMS concedido sem autorização do CONFAZ ;937229088;RE 628075;;;;;;;;;;;;;;
artigos 1o, 2o, 102 e 155, § 2º, I da CF ;937229088;RE 628075;;;;;;;;;;;;;;
"artigos 1º, III; 3º, IV; 5º, I da CF e art. 1.727, §1 do CC/02";1191563664;RE 1045273;;;;;;;;;;;;;;
"artigos 23, XII; 30; 39, caput, 41; 173; e 247 da CF";1131242630;RE 633782;;;;;;;;;;;;;;
Artigos 5 e 71 CF e art. 54 da Lei n. 9.784/1999;860689925;RE 636553;;;;;;;;;;;;;;
artigos 5º, X e XII, e 22, V, da CF;1153843301;ARE 649379;;;;;;;;;;;;;;
arts. 127 e 128 da CF - Ministério Público de Contas;861479652;RE 1178617;;;;;;;;;;;;;;
"arts. 145, § 1º; 150, § 4º e 155, § 2º, I, da CF";1220081534;RE 1003758;;;;;;;;;;;;;;
arts. 145, §1º, e 156, I, §1º da CF ;865637002;RE 666156;;;;;;;;;;;;;;
"arts. 1º, IV; 5º, caput e LIV; 62; 170, caput e 174 da Constituição federal e artigos 55 e 59 da Medida Provisória 2.228-1/2001";1217066360;RE 627432;;;;;;;;;;;;;;
arts. 22, inciso I, 114, inciso IX, e 202, § 2º, da CF - complementação de aposentadoria. lei. agente público. competência ;868167399;RE 1265549;;;;;;;;;;;;;;
arts. 24, § 3º, 146, I e III e 155, III, da Constituição federal;1153356697;RE 1016605;;;;;;;;;;;;;;
arts. 2º, 5º, II, XXXVI, LIV e LV e 97 da Constituição federal e art. 25 da Lei 8.212/1991;1105639996;RE 761263;;;;;;;;;;;;;;
arts. 37, I e II, 102, I e 103, VI, da Constituição federal;865626487;RE 642895;;;;;;;;;;;;;;
"arts. 5º, II; 145, parágrafo único; 146, III, a; 150, I e IV; 153, III; 154, I, e 156, III, da Constituição federal, Decreto-Lei 406/1968, Lei Complementar 56/1987 e na Lei Complementar 116/200s";1105651318;RE 634764;;;;;;;;;;;;;;
associação substituta processual de consumidores;1213618997;REsp 1438263 SP;N/A ;REsp 1361872 SP ;1213618993;REsp 1362022 SP ;;;;;;;;;;
ato administrativo de análise de concessão de benefício previdenciário;919789354;REsp 1648336 RS;919789353;REsp 1644191 RS;;;;;;;;;;;;
Ato doloso lei de improbidade prescrição;768161402;RE 852475;;;;;;;;;;;;;;
audiência de justificação execução penal PAD;861474094;RE 972598;;;;;;;;;;;;;;
Ausência de DCTF multa;1133136926;RE 606010;;;;;;;;;;;;;;
ausência de notificação prévia de pessoa jurídica excluída do Refis e violação ao devido processo legal, contraditório e ampla defesa;1129501342;RE 669196;;;;;;;;;;;;;;
Autotutela da administração pública revisão de ato administrativo inconstitucional prazo decadencial ;919831613;RE 817338;;;;;;;;;;;;;;
Auxílio-acidente início pagamento;1240175085;REsp 1729555 SP ;1240175082;REsp 1786736 SP;;;;;;;;;;;;
Auxílio-acidente. acidente antes da Lei n. 12.873/2013;547629367;REsp 1361410 RS;1289711099;STJ 507;;;;;;;;;;;;
Auxílio-acidente. prescrição;1240175085;REsp 1729555 SP ;1240175082;REsp 1786736 SP;;;;;;;;;;;;
Auxílio-acidente. segurado especial. acidente antes da Lei n. 12.873/2013. inaplicabilidade;547629367;REsp 1361410 RS;;;;;;;;;;;;;;
Auxílio-acidente. segurado especial. acidente antes da Lei n. 12.873/2013. requisitos;547629367;REsp 1361410 RS;;;;;;;;;;;;;;
Auxílio-acidente. segurado especial. acidente ou moléstia antes da Lei n. 12.873/2013;547629367;REsp 1361410 RS;;;;;;;;;;;;;;
Auxílio-acidente. termo inicial dia seguinte ao da cessação do auxílio-doença;1240175085;REsp 1729555 SP ;1240175082;REsp 1786736 SP;;;;;;;;;;;;
Auxílio-acidente. termo inicial. art. 86, § 2º, da Lei 8.213/91;1240175085;REsp 1729555 SP ;1240175082;REsp 1786736 SP;1289711099;STJ 507;;;;;;;;;;
Auxílio-acidente. termo inicial. prescrição quinquenal. Súmula 85/STJ.;1240175085;REsp 1729555 SP ;1240175082;REsp 1786736 SP;;;;;;;;;;;;
base de cálculo da COFINS e do PIS na importação feita no âmbito do sistema FUNDAP;865387342;RE 635443;;;;;;;;;;;;;;
base de cálculo do ISS - materiais empregados na construção civil;919848122;RE 603497;1289710732;STJ 167;311629970;RE 603497;;;;;;;;;;
benefício previdenciário mais vantajoso;685080311;REsp 1631021 PR;685080163;REsp 1612818 PR ;;;;;;;;;;;;
Caixa Econômica Federal Imunidade tributária IPTU;768166437;RE 928902;;;;;;;;;;;;;;
Caixa Econômica terceira interessada seguros de mútuo habitacional SFH;917304217;RE 827996;;;;;;;;;;;;;;
cálculo da renda mensal inicial de benefício complementar;706915852;REsp 1435837 RS;;;;;;;;;;;;;;
Candidato eleito desclassificado por indeferimento de candidatura;865246279;RE 1096029;;;;;;;;;;;;;;
Carga horária educação básica atividade extraclasse;1105676205;RE 936790;;;;;;;;;;;;;;
Cargos em comissão relação de confiança;861474833;RE 1041210;;;;;;;;;;;;;;
cessão de crédito em precatórios ;865478009;RE 631537;;;;;;;;;;;;;;
cessão de crédito em precatórios a terceiros;865478009;RE 631537;;;;;;;;;;;;;;
cláusula comissão de corretagem PMCMV. promessa de compra e venda. requisitos;613222116;REsp 1601149 RS;;;;;;;;;;;;;;
cláusula contratual que transfere ao promitente-comprador a obrigação de pagar a comissão de corretagem nos contratos de promessa de compra e venda do Programa Minha Casa;613222116;REsp 1601149 RS;;;;;;;;;;;;;;
cláusula penal aplicada ao inadimplemento da construtora/incorporadora;859662860;REsp 1614721 DF;859662863;REsp 1631485 DF;;;;;;;;;;;;
cláusula penal moratória pode ser cumulada com indenização por lucros cessantes?;859662865;REsp 1635428 SC;859662866;REsp 1498484 DF;;;;;;;;;;;;
cláusula penal moratória. lucros cessantes. atraso na entrega do imóvel;859662865;REsp 1635428 SC;859662866;REsp 1498484 DF;;;;;;;;;;;;
cláusula penal por atraso na entrega do imóvel ;859662860;REsp 1614721 DF;859662863;REsp 1631485 DF;859662865;REsp 1635428/SC ;859662866;REsp 1498484/DF;;;;;;;;
cobrança antecipada de ICMS pelo estado destinatário. regulamentação por decreto. necessidade de lei complementar ;1203240784;RE 598677;;;;;;;;;;;;;;
Código de Trânsito Brasileiro. DNIT;565539254;REsp 1588969 RS;565539253;REsp 1613733 RS;;;;;;;;;;;;
Código Florestal área urbana App;1207750450;REsp 1799305 PE;1207750448;REsp 1808156 SP;;;;;;;;;;;;
Código Florestal área urbana curso d'água;1205151427;REsp 1770760 SC;1205151436;REsp 1770808 SC;1205151429;REsp 1770967 SC ;;;;;;;;;;
como é calculada a renda mensal inicial do benefício complementar em plano fechado de previdência privada ;706915852;REsp 1435837 RS;;;;;;;;;;;;;;
Compartilhamento de relatório da receita federal com Ministério Público;939932584;RE 1055941;;;;;;;;;;;;;;
Compensação de ofício débitos tributários;939905984;RE 917285;;;;;;;;;;;;;;
Compensação tributária;684002603;REsp 1365095 SP;4124224;REsp 1111164 BA ;875825651;REsp 1715294 SP ;684002607;REsp 1715256 SP;861892735;RE 545796;;;;;;
COMPETÊNCIA - COMPLEMENTAÇÃO DE APOSENTADORIA - INCIDÊNCIA DE CONTRIBUIÇÃO SOCIAL;768158646;RE 594435;;;;;;;;;;;;;;
Competência CVM regulamentação de atividade de auditor independente;942884668;RE 902261;;;;;;;;;;;;;;
competência da Justiça do Trabalho para executar de ofício contribuições sociais previdenciárias;928283274;RE 595326;;;;;;;;;;;;;;
competência DNIT;565539254;REsp 1588969 RS;565539253;REsp 1613733 RS;;;;;;;;;;;;
competência dos tribunais de contas estaduais;865397317;RE 576920;;;;;;;;;;;;;;
Competência julgamento contratação de pessoal fase pré-contratual administração pública;1105639031;RE 960429;;;;;;;;;;;;;;
Competência julgamento controvérsia admissão de pessoal administração pública;1105639031;RE 960429;;;;;;;;;;;;;;
Competência julgamento de demanda sobre contribuição sindical servidor público;1163754810;RE 1089282;;;;;;;;;;;;;;
competência julgamento questões relacionadas a contratação de pessoal regime celetista;1105639031;RE 960429;;;;;;;;;;;;;;
competência para julgar controvérsia entre representante e representada comerciais;945641846;RE 606003;;;;;;;;;;;;;;
competência para legislar sobre regras de postagem para correspondências de cobrança de empresas públicas e privadas;1153843301;ARE 649379;;;;;;;;;;;;;;
Competência para regulamentação de transporte individual de passageiro;768192170;RE 1054110;;;;;;;;;;;;;;
Competência. Perda da graduação. Questão previdenciária;1107684631;RE 601146;;;;;;;;;;;;;;
Competência. Propriedade Intelectual / Industrial. Marca;549586983;REsp 1527232 SP;;;;;;;;;;;;;;
complementação da previdência privada. verbas remuneratórias;613779818;REsp 1312736 RS;1206279598;REsp 1778938/SP;;;;;;;;;;;;
complementação de aposentadoria instituída por lei. agente público;868167399;RE 1265549;;;;;;;;;;;;;;
completar 18 anos cumprindo medida socioeducativa;612119507;REsp 1705149 RJ;612119506;REsp 1717022 RJ;;;;;;;;;;;;
Comprovação de depósitos bancários imposto de renda;1207054471;RE 855649;;;;;;;;;;;;;;
Cômputo do tempo de serviço rural prestado antes da Lei n. 8.213/1991. Estatutário. requisitos;574486597;REsp 1682678 SP;576979827;REsp 1682671 SP;574250705;REsp 1682672 SP;574252476;REsp 1682682 SP ;574250702;REsp 1676865 RS ;;;;;;
Concessão de aposentadoria para ex-combatente com aproveitamento de serviço em tempo de guerra;1104617198;RE 683621;;;;;;;;;;;;;;
concessão do benefício mais vantajoso;685080311;REsp 1631021 PR ;685080163;REsp 1612818/PR;;;;;;;;;;;;
Concurso público exame psicológico anulado;861474838;RE 1133146;;;;;;;;;;;;;;
Concurso público teste de aptidão física candidata gestante;1105671712;RE 1058333;;;;;;;;;;;;;;
concursos públicos. princípio da moralidade administrativa;919837487;RE 560900;;;;;;;;;;;;;;
conflito de interesses - contribuição previdenciária;768158646;RE 594435;;;;;;;;;;;;;;
consignação em pagamento;641240998;REsp 1108058 DF;;;;;;;;;;;;;;
constitucionaldiade de adicional com alíquota diferenciada em  folha desalário. instituições financeiras. previsão anterior à EC 20/98;862213814;RE 599309;;;;;;;;;;;;;;
constitucionalidade da cobrança de IPI e recipientes que acondicionam água mineral;1242300655;RE 606314;;;;;;;;;;;;;;
constitucionalidade da contribuição social exigida do produtor rural sob regime de economia familiar;1105639996;RE 761263;;;;;;;;;;;;;;
constitucionalidade da majoração de alíquota do CONFINS para instituições financeiras;862213813;RE 656089;;;;;;;;;;;;;;
Constitucionalidade das modificações efetuadas na base de cálculo e na alíquota da contribuição ao PIS;768159236;RE 578846;;;;;;;;;;;;;;
constitucionalidade de cargos de comissão criados por lei sem a especificação de atribuições;1129501342;RE 669196;;;;;;;;;;;;;;
constitucionalidade de parte de lei promulgada pelo Poder Executivo antes da manifestação do Poder Legislativo sobre a parte vetada;1131263828;RE 662423;;;;;;;;;;;;;;
constitucionalidade do estorno proporcional de crédito de ICMS não autorizado pelo Conselho Nacional de Política Fazendária;937229088;RE 628075;;;;;;;;;;;;;;
constitucionalidade do exercício de poder de polícia delegado a pessoas jurídicas de direito privado;1131242630;RE 633782;;;;;;;;;;;;;;
consumidores representados por associação em ação civil pública;1213618997;REsp 1438263 SP;N/A ;REsp 1361872 SP ;1213618993;REsp 1362022 SP ;;;;;;;;;;
contagem da prescrição intercorrente. execução fiscal;638023415;REsp 1340553 RS;1289710880;STJ 314;1289710984;STJ 409;;;;;;;;;;
contagem da prescrição intercorrente. execução fiscal. requisitos;638023415;REsp 1340553 RS;1289710880;STJ 314;1289710984;STJ 409;;;;;;;;;;
contagem de tempo de serviço especial servidor público;932679024;RE 1014286;;;;;;;;;;;;;;
contagem do prazo de suspensão de 1 ano. LEF;638023415;REsp 1340553 RS;;;;;;;;;;;;;;
contagem do prazo prescricional após 1 ano de suspensão. execução fiscal. LEF;638023415;REsp 1340553 RS;1289710880;STJ 314;1289710984;STJ 409;;;;;;;;;;
contagem do prazo prescricional após suspensão de 1 ano. LEF;638023415;REsp 1340553 RS;;;;;;;;;;;;;;
contaminação ambiental exploração de chumbo ;682197953;REsp 1525327 PR;;;;;;;;;;;;;;
contra quem ajuizar ação de reajuste de benefício complementar;607426701;REsp 1370191 RJ;;;;;;;;;;;;;;
Contrato bancário e seguro;660592306;REsp 1639320 SP;660592305;REsp 1639259 SP ;;;;;;;;;;;;
contrato bancário. cláusula abusiva. consumidor;660592306;REsp 1639320 SP;660592305;REsp 1639259 SP ;656186430;REsp 1578553/SP;1289711127;STJ 532;;;;;;;;
Contrato bancário. cobrança abusiva;660592306;REsp 1639320 SP;660592305;REsp 1639259 SP ;;;;;;;;;;;;
contrato bancário. seguro de proteção financeira;660592306;REsp 1639320 SP;660592305;REsp 1639259 SP ;;;;;;;;;;;;
Contrato bancário. tarifa de avaliação do bem dado em garantia;656186430;REsp 1578553 SP;;;;;;;;;;;;;;
contrato bancário. venda casada;660592306;REsp 1639320 SP;660592305;REsp 1639259 SP ;;;;;;;;;;;;
contrato compra e venda de imóvel. cláusula penal;859662860;REsp 1614721 DF;859662863;REsp 1631485 DF;859662865;REsp 1635428/SC;859662866;REsp 1498484/DF;;;;;;;;
contrato de compra e venda. multa contratual moratória;859662865;REsp 1635428 SC;859662866;REsp 1498484 DF;;;;;;;;;;;;
Contrato de mútuo. repetição de indébito. encargos em favor do mutuário;686349226;REsp 1552434 GO;;;;;;;;;;;;;;
contrato de plano de saúde aplicação de nova lei ;1126752361;RE 948634;;;;;;;;;;;;;;
contrato de promessa de compra e venda de imóvel na planta PMCMV;859332652;REsp 1729593 SP;613222116;REsp 1601149/RS;;;;;;;;;;;;
contrato PMCMV;613222116;REsp 1601149 RS;859332652;REsp 1729593/SP;;;;;;;;;;;;
contratos de swap para fins de hedge;1234143637;RE 1224696;;;;;;;;;;;;;;
CONTRIBUIÇÃO PREVIDENCIÁRIA DO EMPREGADOR. INCIDÊNCIA SOBRE O SALÁRIO-MATERNIDADE. INCONSTITUCIONALIDADE;1107714916;RE 576967;;;;;;;;;;;;;;
Contribuição previdenciária do empregador. Salário-maternidade;1107714916;RE 576967;;;;;;;;;;;;;;
Contribuição previdenciária patronal terço de férias;1100450514;RE 1072485;;;;;;;;;;;;;;
CONTRIBUIÇÃO PREVIDENCIÁRIA SERVIDOR PÚBLICO;768165936;RE 593068;;;;;;;;;;;;;;
Contribuição previdenciária sobre pensões e proventos e militares inativos;1105639995;RE 596701;;;;;;;;;;;;;;
Contribuição previdenciária terço de férias;1100450514;RE 1072485;;;;;;;;;;;;;;
contribuição previdenciária. aposentado;861476170;ARE 1224327;;;;;;;;;;;;;;
Contribuição previdenciária. Não incidência. Portadores de doenças incapacitantes. Norma de eficácia limitada;1179426975;RE 630137;;;;;;;;;;;;;;
Contribuição sindical servidor público estatutário;1163754810;RE 1089282;;;;;;;;;;;;;;
Contribuição social finalidade;1100294621;RE 878313;;;;;;;;;;;;;;
Contribuição social para complementação de FGTS;1100294621;RE 878313;;;;;;;;;;;;;;
contribuições pis/pasep princípio da igualdade tributária ;862494461;RE 577494;;;;;;;;;;;;;;
controle dos tribunais de contas estaduais em relação aos atos administrativos do município;865397317;RE 576920;;;;;;;;;;;;;;
Conversão de aposentadoria aeronauta ex-combatente;1104617198;RE 683621;;;;;;;;;;;;;;
Conversão de precatórios em requisições de pequeno valor;768175163;RE 587982;;;;;;;;;;;;;;
Conversão de tempo de serviço comum servidor público;932679024;RE 1014286;;;;;;;;;;;;;;
Correção monetária das demonstrações financeiras de pessoas jurídicas;861892735;RE 545796;;;;;;;;;;;;;;
correção monetária e juros. créditos fiscais;861479319;ARE 1216078;;;;;;;;;;;;;;
correção monetária no ressarcimento de crédito escritural ;855170923;REsp 1767945 PR;855170918;REsp 1768060 RS ;855170984;REsp 1768415 SC ;;;;;;;;;;
Correção monetária. Fazenda Pública;551749190;REsp 1495146 MG;558036196;REsp 1492221 PR;;;;;;;;;;;;
;558036198;REsp 1495144 RS ;;;;;;;;;;;;;;
Corte de luz. débito de recuperação de consumo por fraude no aparelho medidor.;631776098;REsp 1412433 RS;859332013;REsp 1412435 MT;;;;;;;;;;;;
Corte de luz. débito de recuperação de consumo por fraude no aparelho medidor. Prazo;631776098;REsp 1412433 RS;859332013;REsp 1412435 MT;;;;;;;;;;;;
Corte de luz. dívida. gato. prazo;631776098;REsp 1412433 RS;859332013;REsp 1412435 MT;;;;;;;;;;;;
Corte de luz. Fraude no padrão de luz;631776098;REsp 1412433 RS;859332013;REsp 1412435 MT;;;;;;;;;;;;
Corte de luz. Gato na energia elétrica;631776098;REsp 1412433 RS;859332013;REsp 1412435 MT;;;;;;;;;;;;
créditos em precatórios;865478009;RE 631537;;;;;;;;;;;;;;
Criação de cargos em comissão;861474833;RE 1041210;1112939674;RE 719870;;;;;;;;;;;;
crime acidente de carro;919834716;RE 971959;;;;;;;;;;;;;;
Crime praticado por preso foragido;937121506;RE 608880;;;;;;;;;;;;;;
Danos decorrentes de crime praticado por preso foragido;937121506;RE 608880;;;;;;;;;;;;;;
